x,y
0,897.2149
1,963.254
2,986.1801
3,992.4478
4,1020.1549
5,1080.4735
6,1024.3756
7,1135.834
8,989.8699
9,1050.4021
10,1019.6492
11,1019.2145
12,1018.2329
13,1058.2768
14,1078.8872
15,1050.8662
16,1073.8223
17,1079.2049
18,1020.5339
19,1050.2804
20,1095.5043
21,1034.868
22,1016.0213
23,1024.3428
24,1027.2401
25,1012.8937
26,1027.2871
27,1038.3072
28,993.4962
29,1083.0622
30,1053.6649
31,1043.2635
32,1079.6977
33,1018.4155
34,1081.9936
35,1046.0499
36,1054.3869
37,1019.399
38,1050.5584
39,1049.991
40,899.3493
41,963.7855
42,937.1396
43,978.9246
44,1020.1129
45,1021.1939
46,1019.1342
47,1027.6648
48,1050.8762
49,981.4067
50,1074.8238
51,1027.1045
52,985.7798
53,1052.9598
54,989.5377
55,1002.6173
56,1041.933
57,1046.1753
58,1021.8991
59,1077.6027
60,1058.5513
61,1102.4611
62,1058.6326
63,1040.2876
64,1014.8315
65,1025.3293
68,1075.7473
69,973.5782
70,1071.0096
71,1049.6328
72,1007.161
73,1070.3672
74,1012.0984
75,995.3186
76,1024.394
77,1086.4198
78,1003.8584
79,1080.0867
80,1080.2191
81,1019.8749
82,1075.4682
83,1144.8825
84,1030.6618
85,1069.4008
86,1020.1618
87,1023.1282
88,1089.7319
89,1032.2922
90,1054.4179
91,1080.2377
92,1032.2891
93,1067.7478
94,1019.8298
95,1024.9646
96,1060.0026
97,1084.5108
98,1030.5543
99,990.2825
100,1050.1411
101,1017.2115
102,1021.7803
103,1018.5757
104,941.3474
105,951.465
106,966.0555
107,980.2282
108,1023.0862
109,1028.3048
110,1011.4245
111,994.2015
112,1046.3457
113,1023.0829
114,1016.6059
115,960.0897
116,988.8133
117,1051.5129
118,983.5743
119,1082.7386
120,1085.1274
121,1049.0332
122,1108.6983
123,1078.8555
124,1051.5582
125,1017.456
126,1048.4103
127,1053.8587
128,1019.684
129,1051.6759
130,1048.8437
131,1080.0956
132,1018.0386
133,1081.3912
134,1020.4205
135,899.3118
136,969.4348
137,955.6954
138,1015.6268
139,1019.7849
140,1063.5251
141,1063.9205
142,1052.8259
143,1079.3814
144,1080.7044
145,1044.4378
146,1055.9449
147,1080.9875
148,1073.3746
149,1090.9188
150,1084.2406
151,1049.931
152,1070.1623
153,1079.5223
154,1079.584
155,1075.2494
156,1084.932
157,1126.0261
158,1060.0927
159,1058.2963
160,1093.5512
161,1032.7961
162,1032.8091
163,1036.6876
164,1079.1001
165,1084.7079
166,1046.3081
167,1111.8426
168,1047.9133
169,1032.394
170,1130.5267
171,1012.155
172,1092.8313
173,1045.1917
174,1086.4775
175,1040.8995
176,1025.2067
177,1052.1374
178,1042.2965
179,1080.1245
180,1079.974
181,1080.2374
182,1080.2352
183,1080.0293
184,1031.3477
185,1063.3371
186,1087.9961
187,1047.333
188,1086.553
189,950.3483
190,989.2103
192,1050.4129
193,989.2225
194,1023.8942
195,1046.0051
196,1050.9711
197,1014.4192
198,1074.8331
199,1060.2803
200,1050.2682
201,1079.521
202,1016.8316
203,1073.9975
204,1073.9975
205,1089.156
206,1130.7566
207,1025.9835
208,1090.9461
209,1116.9098
210,1085.3612
211,1080.9786
212,1081.1331
213,1018.2404
214,1079.627
215,1049.4567
216,1051.2637
217,1080.0519
218,1080.1975
219,1027.0436
220,1132.8892
221,1076.7745
222,1021.0192
223,1082.9294
224,1081.6869
225,1097.0553
226,1070.5142
227,1082.5414
228,1066.8829
229,1073.8807
230,1088.7435
231,1088.1095
232,1130.5437
233,1078.9614
234,1022.3682
235,1085.9542
236,1045.9398
237,1046.0199
238,1079.5286
239,1019.9842
240,1050.1799
241,1107.3821
242,1052.3787
243,1050.6696
244,1077.598
245,1000.8789
246,1093.5651
247,1092.8201
248,1074.4085
249,1050.7253
250,1078.5462
251,1016.4011
252,1087.1345
253,1077.4404
254,1068.6649
255,1031.0415
256,1080.8319
257,1019.8096
258,1087.0709
259,1079.9482
260,1047.8836
261,1082.3752
262,1070.6322
263,1052.8163
264,1017.8044
265,1067.7896
266,1033.5334
267,1028.3621
268,1041.3824
269,982.4959
270,1059.6934
271,1071.0458
272,997.4818
273,1080.9241
274,1078.2703
275,1012.7645
276,1087.3312
277,1022.3429
278,1039.3227
279,1086.4249
280,1043.3264
281,1023.6601
282,1052.9552
283,1088.0996
284,1043.5825
285,1073.2168
286,1025.225
287,1081.8354
288,1049.6923
289,1020.9651
290,1060.6462
291,1038.6472
292,1016.5363
293,1059.9983
294,1043.6598
295,1021.7308
296,1054.2957
297,1122.5078
298,1028.8098
299,1052.2658
300,1081.8921
301,1078.1442
302,993.7116
303,1079.9606
304,1046.5425
305,1013.3634
306,1079.9602
307,1098.6114
308,1053.636
309,1034.3586
310,1026.8479
312,989.0853
313,1081.0642
314,1049.487
315,1028.4655
316,1043.5332
317,1077.2733
318,954.1396
319,1085.9817
320,1080.0685
321,1049.9891
322,1014.4529
323,1082.5567
324,1062.1905
325,1041.2766
326,1073.1246
327,1030.9662
328,1038.7409
329,1057.147
330,1080.0171
331,989.4481
332,1077.5366
333,1052.2198
334,990.1438
335,1050.1351
336,1049.7463
337,961.1831
338,1069.36
339,1086.106
340,929.0119
341,1080.7881
342,1054.3069
343,1012.0262
344,1077.9935
345,1063.2475
346,995.6283
347,1060.7479
348,1020.1541
349,899.9127
350,945.7903
351,965.8066
352,979.1287
353,1018.9421
354,991.9008
355,987.8737
356,1011.0887
357,1019.6993
358,1029.4881
359,1035.2088
360,1034.607
361,984.5718
362,1062.9792
363,1020.9746
364,1048.2155
365,1086.1949
366,1066.8763
367,1050.6567
368,989.8476
369,930.4457
370,865.738
371,871.3594
374,922.8877
375,980.4348
376,940.0926
377,959.339
378,960.4949
379,950.8681
380,913.811
382,1009.6118
383,965.8574
384,992.3576
385,1028.8614
386,1020.1634
387,1047.1515
388,1133.4804
389,1031.3537
390,1087.4877
391,1065.3018
392,1065.7084
393,1030.2107
394,1023.8303
395,1024.98
396,1013.2276
397,1061.6735
398,1045.368
399,1023.7519
400,1086.6185
401,1076.911
402,1033.3707
403,1089.0846
404,1040.7381
405,1079.8154
406,1034.2796
407,1040.9194
408,1054.6782
409,980.3939
410,989.9616
411,1019.7639
412,1034.4226
413,1015.3477
414,980.0446
415,1050.3623
416,1007.0573
417,1032.7424
418,1079.6397
419,1035.6524
420,1064.4719
421,1051.1288
422,1079.3992
423,1079.9835
424,1079.9831
425,1030.1496
426,1071.4454
427,1070.7579
428,1027.5578
429,1080.0692
430,1019.9324
431,1084.4159
432,1044.3657
433,1080.7696
434,1050.0386
435,1028.568
436,1042.0616
437,1049.4414
438,1080.3619
439,1019.2565
440,1050.2229
441,1050.4702
442,1021.8049
443,1017.9814
444,1079.9641
445,1031.3064
446,1069.088
447,1086.4001
448,1085.1999
449,1038.1733
450,992.1241
451,1082.9974
452,1045.1808
453,1019.5159
454,1091.0235
455,1039.1244
456,1079.9573
457,1050.2037
458,1079.5282
459,1026.4138
460,1044.1404
461,1049.9287
462,1019.8321
463,1049.436
464,1081.1294
465,1084.4766
466,1086.7747
467,1067.8253
468,1050.017
469,1110.6002
470,989.8768
471,1079.3539
472,1052.027
473,1022.5903
474,1016.2647
475,1018.9703
476,1080.0996
477,1053.8421
478,1046.4919
479,1081.815
480,1078.5087
481,991.9501
482,1049.5734
483,999.0118
484,983.9021
485,1055.071
486,1040.6947
487,994.6548
488,1046.7366
489,1019.2235
490,1073.6456
491,965.0381
492,1050.3171
493,930.185
494,869.2789
495,931.1657
496,906.2425
497,953.3905
498,990.3941
499,1020.0815
500,1023.5684
501,1016.0615
502,994.6461
503,982.7146
504,1054.5559
505,1003.5017
506,1033.5898
507,994.5569
508,1073.7874
509,1052.0149
510,1049.9176
511,1031.7193
512,1039.0654
513,1049.8249
514,1018.2797
515,1057.3288
516,1014.1814
517,1087.9214
518,1058.3536
519,1062.6414
520,1087.3534
521,1043.2767
522,1021.8882
523,1079.0298
524,1092.6245
525,1036.4941
526,1050.2236
527,1080.3258
528,1020.4267
529,1080.6099
530,1047.6395
531,1050.8179
532,1053.4993
533,1054.4516
534,1072.4357
535,1049.3399
536,1080.3064
537,1021.0729
538,1058.397
539,1071.2313
540,1049.8798
541,1080.3853
542,1080.0704
543,1018.8262
544,1080.2039
545,1050.5633
546,1050.1953
547,1111.2234
548,1091.9009
549,1045.3904
550,1020.6803
551,1010.2491
552,1022.752
553,1076.8284
554,1103.1702
555,1065.2264
556,1078.124
557,1074.6858
558,1049.2789
559,1018.4979
560,1051.2924
561,990.2181
562,929.6164
563,887.4142
564,912.9729
565,959.6775
566,990.0469
567,1020.3332
568,999.9024
569,949.8747
570,1020.3158
571,1019.9983
572,1019.3788
573,990.1877
574,1049.8819
575,1049.9228
576,1080.423
577,1080.0887
578,987.8841
579,972.1308
580,949.2355
581,903.3285
582,987.5443
583,899.4251
584,960.1075
585,899.676
586,967.5299
587,982.8301
588,987.998
589,1023.3935
590,1018.8309
591,998.3366
592,1013.8657
593,987.9868
594,1055.1203
595,990.7032
596,1049.8204
597,1014.1406
598,1033.5982
599,1006.5522
600,1049.6062
601,990.4075
602,1079.6538
603,1109.7951
604,1050.1895
605,1049.9736
606,1049.6203
607,990.2132
608,1050.6438
609,1048.7052
610,990.9875
611,1050.1352
612,989.9837
613,1049.9553
614,1049.9932
615,1022.992
616,1016.8949
617,1050.246
618,1019.5054
619,1020.0675
620,988.3234
621,1022.2622
622,994.158
623,987.2448
624,988.5398
625,999.0093
626,980.8664
627,970.4526
628,1009.1552
629,1050.27
630,986.5278
631,994.981
632,1054.3232
633,1013.8278
634,1020.6094
635,1020.1986
636,1027.6628
637,1041.5055
638,1050.4384
639,989.8044
640,1020.5726
641,1049.0362
642,1029.6517
643,950.4528
644,1048.6298
645,1051.691
646,1049.9149
647,1030.762
648,1039.7608
649,1019.2331
650,1080.3261
651,1020.0424
652,1050.3423
653,1079.0013
654,1020.9166
655,1025.1675
656,1044.9217
657,1049.8619
658,930.3684
659,899.684
660,928.548
661,931.6405
662,959.6578
663,960.5379
664,988.8693
665,1049.4992
666,1053.6832
667,992.8502
668,1044.4772
669,999.2271
670,1051.8155
671,1005.0373
672,1016.3511
673,1031.6728
674,1048.4142
675,1018.6217
676,1048.2648
677,1080.3608
678,995.7069
679,1104.8705
680,1079.8798
681,1080.3083
682,1027.2024
683,1102.3448
684,1080.1687
685,1022.7307
686,1075.8482
687,1049.8403
688,1081.4183
689,1079.8992
690,1049.9
691,1049.8775
692,1049.8119
693,1027.1458
694,1043.2475
695,1078.0162
696,1051.9251
697,1057.2196
698,1013.0198
699,1062.4855
700,1072.6091
701,1053.9078
702,1040.7466
703,1080.2001
704,1050.1782
705,1019.5699
706,1080.5855
707,1019.54
708,1077.1268
709,1052.8315
710,1019.95
711,1049.756
712,1050.891
713,1049.6868
714,1020.1882
715,1049.4959
716,1050.2202
717,1049.6224
718,1028.0998
719,1011.5917
720,1050.7363
721,1019.6823
722,1022.32
723,1017.1859
724,1058.283
725,1041.7774
726,1000.6056
727,1050.0493
728,1009.4245
729,1020.2097
730,1049.9014
731,1049.8034
732,1020.3204
733,1050.0917
734,1020.0877
735,1079.8387
736,1020.8766
737,1019.37
738,1049.5762
739,1020.7573
740,1049.267
741,1054.9156
742,980.3558
743,1054.981
744,992.321
745,1066.0616
746,1031.4378
747,1049.8977
748,989.6576
749,1081.8597
750,1054.2318
751,1044.6983
752,1018.8858
753,1050.8942
754,1049.8421
755,990.1617
756,1019.9965
757,1018.6639
758,1053.6751
759,1060.2954
760,986.8482
761,1040.2862
762,962.8496
763,1041.7116
764,995.4511
765,1050.4907
766,1018.9075
767,994.2447
768,994.534
769,1011.8034
770,990.3266
771,1019.7299
772,1019.3766
773,1021.4431
774,989.698
775,1058.8465
776,980.7667
777,1019.9052
778,990.4103
779,1019.6036
780,960.3996
781,990.2068
782,1050.0519
783,1049.4196
784,1020.5608
785,1044.7855
786,1085.1244
787,1077.0605
788,1084.834
789,1017.8338
790,1080.5659
791,1079.157
792,992.7732
793,1056.5384
794,1071.2884
795,1047.6609
796,1052.3213
797,1019.5301
798,1020.0533
799,1026.4903
800,1018.1145
801,993.1429
802,1042.0116
804,1066.1602
805,1033.0245
806,1021.4625
807,1049.0855
808,1019.5256
809,997.1502
810,1043.3697
811,989.4928
812,973.0104
813,1007.2232
814,990.2154
815,993.0265
816,1017.5418
817,989.3794
818,1019.7205
819,989.9069
820,991.8895
821,1067.1076
822,949.6018
823,1012.2861
824,1016.8981
825,1033.4812
826,1039.0612
827,1023.7576
828,1011.7094
829,1030.4259
830,1043.633
831,1020.397
832,991.9719
833,1048.4816
834,1014.984
835,1022.0015
836,996.9456
837,1053.7822
838,975.2439
839,1027.1235
840,989.9505
841,1013.2854
842,1036.7424
843,1009.796
844,999.1152
845,1040.9101
846,992.838
847,1023.9749
848,1042.8498
849,1023.8003
850,1046.2608
851,989.6562
852,1030.4569
853,989.6399
854,1010.9502
855,987.263
856,1022.2697
857,996.7609
858,1052.2766
859,1017.0759
860,1013.3272
861,1050.7866
862,1079.9327
863,959.3401
864,962.8724
865,957.6834
867,1019.9949
868,1019.8962
869,960.1264
870,988.8576
871,1020.375
872,960.5304
873,987.0882
874,1053.655
875,967.5169
876,1041.6899
877,1016.4926
878,1023.3346
879,1049.6928
880,1024.5922
881,1078.8807
882,1046.4923
883,1056.4837
884,1043.4754
885,990.5732
886,1049.8741
887,1020.1479
888,1024.4845
889,1045.5941
890,1000.2657
891,1039.8786
892,993.0481
893,935.0149
894,869.0986
895,962.4732
896,919.43
897,930.8055
898,996.3365
899,944.5777
900,1028.4231
901,988.3119
902,1023.4077
903,982.7235
904,1014.4838
905,1031.1299
906,996.3227
907,1013.86
908,991.1996
909,1019.6959
910,999.0847
911,1048.6981
912,952.8423
913,1053.3444
914,1011.3482
915,1016.942
916,996.3719
917,1050.2668
918,999.1875
919,1011.6192
920,1049.1306
921,1000.8209
922,1039.3256
923,994.0289
924,1046.0855
925,1052.1282
926,987.8269
927,959.6642
928,955.21
930,977.2238
931,1024.1878
932,960.1387
933,1025.0726
934,1047.9064
935,963.5002
936,1013.4065
937,985.3758
938,958.8462
939,983.6763
940,944.5065
941,922.7245
942,964.4904
943,959.2735
944,959.0186
945,968.3723
946,922.8352
947,984.5223
948,906.3014
949,922.371
950,967.2706
951,897.3449
952,976.7976
953,935.5013
954,946.5589
955,930.9153
956,955.6895
957,927.6404
958,959.8182
959,989.4348
960,941.5055
961,980.9143
962,1018.167
963,990.0611
964,989.3802
965,1025.3077
966,987.9827
967,1017.4026
968,991.6713
969,952.9184
970,1084.9063
971,964.3988
972,1016.1823
973,981.3608
974,1001.4434
975,1024.8578
976,1041.614
977,996.3256
978,962.9416
979,989.6395
980,1004.3325
981,1012.0519
982,1004.708
983,992.4547
984,980.1838
985,1030.9956
986,974.4736
987,952.0851
988,974.2882
989,965.1384
990,1028.4664
991,948.6589
992,980.9882
993,974.7362
994,959.4532
995,1015.3128
996,962.8189
997,1042.6914
998,967.6289
999,1020.9257
1000,1044.5436
1001,1055.477
1002,989.4651
1003,1011.9695
1004,1021.5828
1005,995.6944
1006,983.8549
1007,1003.9476
1008,1012.2682
1009,991.3325
1010,1018.7701
1011,1016.4641
1012,1023.8129
1013,980.455
1014,1007.5188
1015,1015.0697
1016,987.0896
1017,1020.0209
1018,997.1441
1019,1012.716
1020,987.8861
1021,985.0738
1022,1048.4677
1023,990.3589
1024,960.4573
1025,1019.9625
1026,968.7406
1027,809.5009
1028,1080.0154
1029,989.6005
1030,1020.2757
1031,990.0749
1032,982.8412
1033,970.808
1034,1016.2727
1035,1040.5721
1036,994.4024
1037,986.7112
1038,1027.794
1039,1016.1754
1040,969.8325
1041,1036.4763
1042,1027.9545
1043,985.8923
1044,1007.3192
1045,1045.5706
1046,951.2756
1047,1015.7187
1048,998.3809
1049,962.6788
1050,1032.8845
1051,959.8831
1052,1049.7698
1053,999.7599
1054,1001.2213
1055,998.8185
1056,960.7899
1057,899.4317
1058,900.4811
1059,929.7225
1061,959.5875
1063,963.1431
1064,984.25
1065,968.5335
1066,922.0819
1067,929.1941
1068,966.6252
1069,989.229
1070,1014.6877
1071,1000.2787
1072,967.6614
1073,1002.0346
1074,990.3107
1075,989.3243
1076,1050.4172
1077,1020.435
1078,1003.2016
1079,1006.0363
1080,990.4693
1081,959.5536
1082,992.6295
1083,1087.7898
1084,920.0149
1085,992.0867
1086,1051.0314
1087,1019.1129
1088,1087.757
1089,1012.8113
1090,1027.3323
1091,1040.0742
1092,1000.5101
1093,1039.4824
1094,999.8032
1095,1040.1695
1096,996.2104
1097,1048.4195
1098,1018.7097
1099,986.094
1100,1028.2356
1101,1019.4839
1102,982.1471
1103,1020.7471
1104,1000.924
1105,951.5479
1106,1017.2412
1107,994.6937
1108,991.5268
1109,1013.8976
1110,1029.5643
1111,1009.7904
1112,1050.193
1113,1025.7224
1114,1014.4523
1115,962.5249
1116,927.2846
1117,869.8714
1118,849.9773
1119,920.2822
1120,960.9399
1121,989.5256
1122,1019.3789
1123,1080.2506
1124,1028.9059
1125,1040.6554
1126,1050.294
1127,1049.9147
1128,1000.5196
1129,995.342
1130,1003.9741
1131,990.72
1132,1019.6646
1133,992.0556
1134,958.1052
1135,993.7573
1136,1051.5708
1137,986.0829
1138,1064.4082
1139,1004.1466
1140,1079.6965
1141,990.5838
1142,1049.638
1143,1049.6389
1144,1028.7987
1145,1011.6108
1147,987.5946
1148,991.6911
1149,1017.8869
1150,990.1461
1151,1020.2631
1152,997.9851
1153,1041.7239
1154,993.3362
1155,971.8911
1156,975.0484
1157,943.0363
1158,1007.6287
1159,1049.0278
1160,1024.0569
1161,963.84
1162,922.2035
1163,879.6221
1164,922.7511
1165,933.1733
1166,954.0731
1167,963.8216
1168,965.63
1169,950.2639
1170,999.7177
1171,981.1877
1172,990.093
1173,1002.4814
1174,1006.9343
1175,999.1023
1176,989.2587
1177,1019.5563
1178,989.492
1179,1012.8499
1180,1039.3158
1181,950.6224
1182,1044.9174
1183,1020.9545
1184,984.0098
1185,990.171
1186,1060.6735
1187,1069.3444
1188,1020.2753
1189,1080.3524
1190,1085.0789
1191,984.0608
1192,1080.031
1193,1049.8491
1194,1050.6337
1195,1020.338
1196,1019.2982
1197,1034.1091
1198,1050.246
1199,1005.5032
1200,960.1477
1201,1019.9424
1202,968.8386
1203,1011.2739
1204,989.9555
1205,1019.8778
1206,1012.2238
1207,968.1646
1208,1050.1505
1209,1019.4826
1210,997.8093
1211,1042.6372
1212,989.4946
1213,988.5394
1214,1067.1163
1215,1051.9919
1216,1032.5914
1217,1034.7401
1218,1045.6256
1219,979.1583
1220,1110.7994
1221,999.0028
1222,982.148
1223,1075.5473
1224,971.0612
1225,1020.6966
1226,979.0048
1227,939.0909
1228,873.9845
1229,929.2478
1230,919.471
1232,947.9127
1233,1020.7553
1234,993.7555
1235,976.9067
1236,1026.1514
1237,993.3313
1238,1019.153
1239,990.9687
1240,993.9986
1241,1015.474
1242,994.59
1243,1048.512
1244,986.9585
1245,1019.9745
1246,1025.4395
1247,1017.0635
1248,993.4423
1249,1047.1693
1250,1046.8532
1251,1020.7036
1252,1051.5964
1253,1083.7576
1254,1015.235
1255,1079.0345
1256,1079.7956
1257,1019.6894
1258,1061.2064
1259,1077.4218
1260,1011.6073
1261,1023.5192
1262,1046.295
1263,990.0883
1264,1020.5112
1265,989.4042
1266,1058.9284
1267,999.2665
1268,1031.3493
1269,1050.3834
1270,991.8564
1271,1018.5624
1272,1020.0579
1273,1019.5945
1274,991.3573
1275,1018.8487
1276,1025.8496
1277,1013.957
1278,960.8467
1279,989.1623
1280,990.7366
1281,1021.3887
1282,987.6337
1283,1020.3735
1284,989.2982
1285,991.0883
1286,1049.6786
1287,1019.7425
1288,1025.1249
1289,1015.0184
1290,992.3312
1291,957.1569
1292,930.1707
1293,899.6835
1294,817.1222
1295,893.7248
1296,959.9093
1297,959.6847
1298,962.9836
1299,1046.9897
1300,990.3069
1301,959.4198
1302,996.1328
1303,954.2899
1304,990.1265
1305,991.3094
1306,958.1688
1307,999.5466
1308,967.0925
1309,1008.5702
1310,986.9277
1311,1018.6996
1312,986.9899
1313,1002.6407
1314,1010.9618
1315,992.2168
1316,1045.2587
1317,989.5555
1318,965.837
1319,1067.8458
1320,946.8045
1321,921.5983
1322,866.1097
1323,963.131
1324,960.7494
1325,973.4468
1326,1006.748
1327,961.702
1328,987.616
1329,1020.7348
1330,1012.9845
1331,936.7033
1332,960.4076
1333,1019.1648
1334,956.3392
1335,964.1933
1336,995.2318
1337,952.8567
1338,973.822
1339,982.7907
1340,984.6315
1341,986.5165
1342,964.3189
1343,986.145
1344,934.2644
1345,958.0191
1346,1022.6152
1347,988.1794
1348,1000.4233
1349,1010.538
1350,959.7436
1351,1024.4155
1352,985.8051
1353,985.7876
1354,970.6336
1355,979.4693
1356,969.1542
1357,960.78
1358,957.913
1359,985.9171
1360,959.6671
1361,960.754
1362,961.058
1363,996.9482
1364,953.624
1365,1018.2223
1366,990.672
1367,991.022
1368,1017.519
1369,989.9515
1370,987.1529
1371,993.6144
1372,994.6988
1373,958.4219
1374,986.0842
1375,1020.5345
1376,960.4753
1377,963.2926
1378,861.6711
1379,907.6268
1380,893.5378
1381,943.4584
1383,1015.9205
1384,905.3473
1385,1014.3995
1386,958.2236
1387,960.9756
1388,1000.2418
1389,948.8914
1390,1020.9777
1391,1004.0887
1392,979.2225
1393,967.6574
1394,916.0424
1395,961.4551
1397,922.8069
1398,934.5004
1399,960.5365
1400,956.5164
1401,962.4697
1402,974.3856
1403,945.6715
1404,930.134
1405,960.8764
1406,997.0811
1407,952.5265
1408,960.142
1409,1017.1421
1410,962.1614
1411,990.957
1412,985.5897
1413,964.5731
1414,1024.6099
1415,984.9576
1416,1019.52
1417,990.0843
1418,989.221
1419,970.7972
1420,1010.9738
1421,996.7922
1422,956.879
1423,1015.3517
1424,989.7244
1425,985.9997
1426,1024.8349
1427,985.5388
1428,963.8829
1429,1020.3799
1430,989.7588
1431,998.2386
1432,954.2443
1433,1017.4336
1434,999.1857
1435,956.7955
1436,1014.2609
1437,1012.722
1438,953.1656
1439,1004.3746
1440,1020.9393
1441,975.5972
1442,1003.5718
1443,996.8747
1444,1012.6356
1445,1001.0788
1446,982.2653
1447,1017.2641
1448,1005.3022
1449,972.4385
1450,931.3129
1451,900.5228
1454,1044.1967
1455,997.4257
1456,984.0378
1457,960.5815
1458,908.0232
1459,921.298
1460,840.41
1461,864.959
1462,813.3645
1463,841.7237
1464,779.7235
1467,962.2625
1468,957.1248
1469,964.2126
1470,968.6845
1471,950.823
1472,1049.7641
1473,930.1017
1474,959.4815
1475,990.5576
1476,959.7216
1477,927.5561
1478,1002.4366
1479,949.7992
1480,960.4886
1481,1019.5682
1482,1049.6445
1483,993.2011
1484,1047.9665
1485,1016.545
1486,1022.58
1487,1013.9624
1488,1069.0268
1489,952.8894
1490,1048.6694
1491,980.5146
1492,1052.902
1493,1052.971
1494,1049.4982
1495,1022.6212
1496,1080.9499
1497,1086.9737
1498,1068.8758
1499,1050.1184
1500,1074.1466
1501,1146.5429
1502,1030.6888
1503,1071.3767
1504,1017.0351
1505,1014.5514
1506,1057.2706
1507,1018.4521
1508,984.1489
1510,1057.3382
1511,1042.8421
1512,1044.3349
1513,1025.1239
1514,960.6699
1515,1013.9106
1516,1023.5342
1517,1080.6872
1518,1051.6175
1519,1046.8021
1520,1115.5313
1521,1048.0125
1522,1049.8253
1523,1015.3582
1524,1058.475
1525,1016.2523
1526,1013.2734
1527,1026.394
1528,998.9262
1529,987.154
1530,1050.3216
1531,1047.6678
1532,1039.7261
1533,993.1619
1534,1052.9958
1535,1030.805
1536,1033.5244
1537,1018.38
1538,1032.9616
1539,1014.817
1540,1028.0262
1541,1043.3275
1542,1018.7432
1543,1079.8898
1544,1029.1423
1545,1042.1498
1546,990.0786
1547,1057.915
1548,1040.5713
1549,995.0283
1550,1056.6867
1551,976.6832
1552,1021.5227
1553,984.4618
1554,1055.2702
1555,990.3606
1556,1019.6854
1557,1025.115
1558,1014.8237
1559,1020.6741
1560,1020.2223
1561,1049.2164
1562,1027.6175
1563,1013.0603
1564,1013.442
1565,1055.7886
1566,990.4891
1567,1013.5514
1568,1004.9481
1569,1011.8286
1570,960.0001
1571,991.4749
1572,1005.5393
1573,952.8942
1574,1009.9561
1575,988.3603
1576,1013.8969
1577,1039.8259
1578,1067.5421
1579,1019.77
1580,1020.7689
1581,1013.7347
1582,991.3291
1583,1053.9648
1584,989.89
1585,967.5429
1586,1012.9204
1587,1000.8306
1588,982.8636
1589,1017.0853
1590,989.1766
1591,1020.1353
1592,1029.9727
1593,1048.0229
1594,987.4258
1595,1082.8626
1596,1014.1507
1597,968.4571
1598,979.4571
1599,1019.5979
1600,989.8228
1601,1042.5846
1602,1023.428
1603,1024.7602
1604,1049.7904
1605,990.5348
1606,1046.3907
1607,988.0664
1608,999.3358
1609,1021.3647
1610,1044.224
1611,982.0564
1612,1012.0693
1613,1028.2886
1614,970.7367
1615,1001.8404
1616,1037.5797
1617,963.5636
1618,1013.8205
1619,981.8436
1620,971.4717
1621,986.0439
1622,1020.9116
1623,960.1193
1624,960.6844
1625,988.5264
1626,1020.2764
1627,994.2062
1628,954.4755
1629,1021.6486
1630,961.7077
1631,958.7985
1632,995.744
1633,957.0895
1634,984.1542
1635,1022.1465
1636,976.9821
1637,945.0276
1638,982.3553
1639,1053.8034
1640,983.219
1641,968.82
1642,962.7111
1643,987.1883
1644,989.3412
1646,939.1481
1647,928.0308
1648,898.3857
1649,910.6372
1650,874.9337
1651,938.2927
1652,939.4925
1653,1004.4517
1654,940.7685
1655,1041.2672
1656,964.1919
1657,1027.2805
1658,1012.0612
1659,974.6664
1660,1013.3026
1661,992.047
1662,1017.7438
1663,984.2707
1664,997.975
1665,1018.7281
1666,987.3594
1667,1051.7947
1668,997.4635
1669,1012.1189
1670,993.9122
1671,999.1707
1672,1007.6815
1673,959.4166
1674,1001.7072
1675,977.498
1676,1057.7348
1677,960.5252
1678,1042.2962
1679,1050.7383
1680,997.2277
1681,984.1002
1682,1048.7465
1683,989.8356
1684,998.4624
1685,985.2111
1686,986.3876
1687,957.9596
1688,966.2131
1689,1075.864
1690,960.1539
1691,990.0216
1692,961.4369
1693,1107.8596
1694,980.7961
1695,1029.4101
1696,981.57
1697,988.8382
1698,1033.5863
1699,1036.1213
1700,1018.7847
1701,970.8522
1702,967.4543
1703,1002.9054
1704,965.929
1705,984.048
1706,1021.4694
1707,958.5867
1708,1029.9066
1709,949.9431
1710,960.9892
1711,1019.445
1712,994.2527
1713,1025.1537
1714,987.8908
1715,1052.0887
1716,985.8631
1717,924.7533
1718,970.3082
1719,1010.3116
1721,993.3581
1722,979.6834
1723,1015.8705
1724,951.334
1725,967.4229
1726,965.7583
1727,959.6777
1728,967.0476
1729,1052.3948
1730,990.0575
1731,980.7965
1732,999.2335
1733,999.2976
1734,1001.6745
1735,1037.7973
1736,912.4687
1737,898.9746
1738,900.7951
1739,966.2916
1740,926.7479
1741,956.6252
1742,959.6781
1743,966.6894
1744,923.3595
1745,960.0783
1746,960.7557
1747,929.5244
1748,969.6671
1749,949.7709
1750,963.8233
1751,991.6455
1752,984.7504
1753,960.8464
1754,1058.3329
1755,1010.4716
1756,960.0066
1757,1021.4989
1758,929.2771
1759,962.2232
1760,986.9068
1761,973.956
1762,977.9609
1763,958.6743
1764,959.7457
1765,960.1953
1766,915.1059
1767,944.8956
1768,969.6356
1769,958.4513
1770,941.8754
1771,939.9681
1772,899.5746
1773,969.466
1774,900.7093
1775,919.9604
1776,929.8983
1777,960.1582
1778,959.8166
1779,930.2392
1780,959.9938
1781,959.8106
1782,903.4625
1783,962.157
1784,955.4717
1785,928.6397
1786,929.9423
1787,930.5487
1788,839.9356
1789,780.0057
1790,857.8498
1791,826.7044
1792,925.8078
1793,929.7634
1794,963.8806
1795,956.2611
1796,986.8951
1797,967.2431
1798,957.2701
1799,1018.5481
1800,898.5425
1801,1021.0869
1802,969.3071
1803,986.7644
1804,1014.0476
1805,1007.3306
1806,981.4606
1807,1044.9398
1808,1050.872
1809,1044.7924
1810,999.3826
1811,1041.8457
1812,969.3023
1813,980.4417
1814,1050.1032
1815,989.1986
1816,1066.6941
1817,1033.0704
1818,997.0343
1819,1073.0382
1820,1050.9016
1821,1024.1718
1822,1044.7294
1823,1020.2148
1824,992.4583
1825,1048.1014
1826,990.3974
1827,1002.1286
1828,1010.7266
1829,986.3891
1830,1020.5316
1831,1037.444
1832,678.0274
1833,1111.4695
1834,1013.0829
1835,1022.7305
1836,1017.7218
1837,970.4564
1838,986.9526
1839,1013.5534
1840,957.7874
1841,1029.8206
1842,920.3829
1843,993.033
1844,957.5622
1845,1019.4661
1846,998.9925
1847,1013.4245
1848,987.6708
1849,993.7918
1850,1016.5681
1851,990.0282
1852,996.3852
1853,1018.5597
1854,984.5876
1855,1020.2956
1856,966.0307
1857,988.0227
1858,960.7622
1859,984.8059
1860,1020.2895
1861,987.9191
1862,968.5069
1863,966.0659
1864,1007.694
1865,989.5148
1866,972.6417
1867,1007.7325
1868,959.7741
1869,906.104
1870,836.7478
1871,899.6895
1872,899.7267
1873,927.7099
1874,966.4475
1875,952.2303
1876,931.8456
1877,994.593
1878,955.511
1879,967.8329
1880,961.9885
1881,1009.6951
1882,960.0934
1883,990.5126
1884,1019.8232
1885,989.4862
1886,994.8798
1887,1014.866
1888,1012.0048
1889,938.0433
1890,1020.7622
1891,988.0143
1892,962.3489
1893,1049.3316
1894,959.8617
1895,990.3072
1896,996.9708
1897,1015.2156
1898,996.5063
1899,950.1133
1900,1020.8549
1901,960.3491
1902,959.9231
1903,999.9475
1904,963.8366
1905,1006.2928
1906,959.7026
1907,989.8683
1908,1020.0455
1909,936.2405
1910,963.4442
1911,950.4273
1912,991.1778
1913,909.7713
1914,1009.46
1915,990.0588
1916,1005.3547
1917,1004.2111
1918,1008.2559
1919,981.2595
1920,1009.9629
1921,988.95
1922,968.9808
1923,959.8018
1924,1012.8185
1925,899.3374
1926,972.8808
1927,977.6549
1928,959.5528
1929,960.2074
1930,960.4192
1931,962.4482
1932,986.8936
1933,965.2986
1934,955.0939
1935,843.7389
1936,896.493
1937,959.7592
1938,912.3624
1939,952.0636
1940,959.6629
1941,1019.2873
1942,986.3588
1943,972.512
1944,1007.892
1945,989.8381
1946,1002.1601
1947,1008.1377
1948,987.693
1949,975.6931
1950,1006.302
1951,989.7964
1952,966.7829
1953,983.7591
1954,1019.6154
1955,963.4475
1956,986.2293
1957,962.7337
1958,1047.9872
1959,960.0374
1960,1049.9674
1961,994.5157
1962,1015.7555
1963,989.7376
1964,1005.2404
1965,1004.289
1966,960.2342
1967,1000.4609
1968,1009.7492
1969,990.8313
1970,1047.9127
1971,990.6529
1972,963.8342
1973,997.6206
1974,1008.609
1975,992.2227
1976,1047.8744
1977,1053.8619
1978,985.7104
1979,1050.2278
1980,990.1021
1981,1001.7254
1982,978.8083
1983,998.2753
1984,954.1724
1985,958.8944
1986,988.5165
1987,965.1368
1988,1015.1658
1989,989.1485
1990,958.5914
1991,1022.4283
1992,985.7133
1993,993.9
1994,957.5713
1995,1022.7659
1996,1049.3099
1997,1000.6838
1998,1040.0796
1999,987.9489
2000,991.4363
2001,1020.565
2002,989.3814
2003,1020.1067
2004,990.1362
2005,1050.041
2006,989.7778
2007,987.8441
2008,1052.8468
2009,1049.6909
2010,995.983
2011,1013.4998
2012,1000.4522
2013,979.9009
2014,971.0133
2015,1010.8027
2016,957.8503
2017,964.7856
2018,982.9075
2019,970.9903
2020,959.9516
2021,891.549
2022,897.428
2023,903.0696
2024,933.5134
2025,955.9211
2026,911.2538
2027,951.5944
2028,953.3063
2029,948.0195
2030,946.3118
2031,929.1731
2032,929.8055
2033,961.0743
2034,899.2688
2035,974.3859
2036,945.9461
2037,962.5973
2038,986.9949
2039,1007.4845
2040,1032.447
2041,996.1467
2042,986.2743
2043,1048.2734
2044,1049.4152
2045,989.6616
2046,1051.0209
2047,991.6844
2048,1018.0716
2049,990.0351
2050,1002.9822
2051,980.0056
2052,986.4577
2053,984.8667
2054,965.4055
2055,1019.4352
2056,996.9267
2057,969.4828
2058,1004.8401
2059,1014.7749
2060,966.8398
2061,1017.5525
2062,990.5096
2063,963.1957
2064,1043.9341
2065,997.5148
2066,1015.6141
2067,960.0518
2068,993.2793
2069,976.5208
2070,942.9644
2071,1016.4956
2072,990.1046
2073,990.1881
2074,1020.8554
2075,989.1929
2076,999.0819
2077,1037.7358
2078,1023.4173
2079,988.7855
2080,988.8664
2081,1021.6288
2082,993.9954
2083,956.7634
2084,1050.072
2085,995.1439
2086,1016.5386
2087,1020.2301
2088,1018.0255
2089,1018.9736
2090,1020.6774
2091,992.1652
2092,957.8628
2093,1020.2472
2094,960.0306
2095,959.6085
2096,960.3463
2097,959.6338
2098,960.1286
2099,990.3234
2100,1019.1858
2101,986.3576
2102,1053.7203
2103,1000.1458
2104,978.1071
2105,1021.5464
2106,1001.1285
2107,964.2496
2108,1034.7642
2109,956.1822
2110,1052.6532
2111,991.6951
2112,986.6811
2113,1023.4384
2114,959.1704
2115,1050.9665
2116,992.0111
2117,987.2849
2118,1023.0915
2119,1006.9563
2120,1000.2076
2121,999.1614
2122,948.5894
2123,969.4721
2124,952.9807
2125,990.4706
2126,1020.7631
2127,983.5224
2128,1025.4188
2129,998.701
2130,980.4743
2131,1020.6396
2132,959.5286
2133,990.2313
2134,930.0209
2135,840.3494
2136,839.5986
2137,865.3761
2138,932.5015
2139,931.8915
2140,900.2942
2141,958.2917
2142,962.2536
2143,988.9891
2144,960.972
2145,911.2866
2146,1008.0761
2147,990.1177
2148,929.6793
2149,984.4112
2150,1026.1434
2151,990.1036
2152,960.1035
2153,997.8169
2154,1012.8852
2155,1002.9368
2156,975.9359
2157,989.5963
2158,991.0668
2159,999.213
2160,1074.6865
2161,930.6735
2162,999.0722
2163,1005.158
2165,1050.629
2166,959.4916
2167,1021.8816
2168,1081.8119
2169,963.1024
2170,1043.5421
2171,980.9428
2172,1031.7436
2173,926.8188
